{
    "loss": 17.972103118896484,
    "accuracy": 0.5999466776847839
}